api_name,display_name,description
FIRST_FRY,First Fry,"Discover your first recipe."
TEN,Line Cook,"Discover 10 recipes."
FIFTY,Sous Chef,"Discover 50 recipes."
HUNDRED,Head Chef,"Discover 100 recipes."
TWOFIFTY,Fry Scholar,"Discover 250 recipes."
FIVEHUNDRED,Potato Professor,"Discover 500 recipes."
ALL,French Fried!,"Discover all 1,001 recipes."
POUTINE,Oh Canada,"Make Poutine."
COWBOY,Yeehaw,"Make Cowboy Fries."
BILLIONAIRE,Big Spender,"Make The Billionaire Platter."
PREMIUM,Fancy Fryer,"Discover 25 premium recipes."
THRIFTY,Thrifty,"Discover 25 object recipes."
PACKRAT,Pack Rat,"Open 25 card packs."
RICH,Fry Tycoon,"Earn $25,000 in total."
SCIENTIST,Mad Spud Scientist,"Breed a generation 3 fry."
CHAMP,Rookie Champion,"Win the Rookie Basket."
LEGEND,Legend of the Vat,"Win the Legendary Vat."
FRIED,Rest in Grease,"Lose a fry in The Fryer."
